{"cameraMode":{"drawMode":0,"name":"Shaded","section":"Shading Mode"},"sceneLighting":false,"audioPlay":false,"sceneViewState":{"showFog":true,"showMaterialUpdate":false,"showSkybox":false,"showFlares":true,"showImageEffects":true,"showParticleSystems":true},"in2DMode":false,"pivot":{"x":0.18427503108978272,"y":4.701444625854492,"z":2.68302845954895},"rotation":{"x":-0.024323003366589547,"y":0.8985244035720825,"z":-0.05019836872816086,"w":-0.43536627292633059},"size":1.8538603782653809,"orthographic":false}